{
  "T1": 16.82331085205078,
  "T2": 21.23920249938965,
  "T3": 26.672237396240234
}